{
  "auc": {
    "mean": 0.49982098874439773,
    "std": 0.0021756339217602273
  },
  "accuracy": {
    "mean": 0.5604238509709895,
    "std": 0.19084397023387695
  },
  "rmse": {
    "mean": 0.499877658946066,
    "std": 0.0003125521965444698
  },
  "ece": {
    "mean": 0.3673091069564385,
    "std": 0.001243305376626169
  }
}